/*
Kyle Pish
CS314 Spring 2025
BMart Data Entry
*/

-- Random values for product_UPC and customer/store phone numbers generated via ChatGPT

-- Insert customers
INSERT INTO customers (customer_name, email, phone_number, country, state, city, zip_postal_code, street, building_num, apartment_num) VALUES
('Brian Law', 'blaw@iwu.edu', '3093098854', 'USA', 'IL', 'Bloomington', '61701', 'Main', '123', '1'),
('Kyle Pish', 'pishkyle@gmail.com', '3098089154', 'USA', 'IL', 'Bloomington', '61701', 'E Front', '201', '203'),
('Zavala', 'zavala.vanguard@gmail.com', '12125550198', 'USA', 'NY', 'New York City', '10001', 'Vanguard Blvd', '1', NULL),
('Ikora Rey', 'ikora.rey@yahoo.com', '13108675309', 'USA', 'CA', 'Los Angeles', '90012', 'Tower St', '2', NULL),
('Cayde-6', 'aceofspades6@outlook.com', '15124040420', 'USA', 'TX', 'Austin', '73301', 'Ace Ln', '6', NULL),
('Eris Morn', 'e.morn@aol.com', '81312345678', 'JPN', NULL, 'Tokyo', '1500001', 'High Heresy St', '3', '13'),
('The Drifter', 'drifter.gambit@gmail.com', '16045552211', 'CAN', NULL, 'Vancouver', 'V6B1H4', 'Derelict St', '7', NULL),
('Lord Shaxx', 'shaxx.crucible@hotmail.com', '493012345678', 'DEU', NULL, 'Berlin', '10115', 'Bannerfall St', '0', '20'),
('The Black Knight', 'black.knight404@yahoo.com', '442079460321', 'GBR', NULL, 'Camelot', 'CML01', 'No Arms Blvd', '404', 'A'),
('Sir Robin', 'sir.robin1975@aol.com', '441615551234', 'GBR', NULL, 'Camelot', 'CML02', 'Cowardly Ln', '2', 'B'),
('Florida Man', 'floridaman321@outlook.com', '8506063500', 'USA', 'FL', 'Tallahassee', '32304', 'Appleyard Dr', '535', '16'),
('Emily Carter', 'emilycarter92@gmail.com', '16175552389', 'USA', 'MA', 'Boston', '02118', 'Beacon St', '482', '3A'),
('Daniel Nguyen', 'daniel.nguyen@outlook.com', '12064147832', 'USA', 'WA', 'Seattle', '98101', 'Pine St', '2201', '17C'),
('Maria Lopez', 'mlopez_87@yahoo.com', '34913456789', 'ESP', NULL, 'Madrid', '28001', 'Calle Mayor', '12', '2B'),
('Thomas Müller', 't.mueller@web.de', '498912345678', 'DEU', NULL, 'Munich', '80331', 'Leopoldstrasse', '56', '4'),
('Liam O\'Connor', 'liam.oconnor@live.com', '35312345678', 'IRL', NULL, 'Dublin', 'D02XY45', 'Grafton St', '27', '2'),
('Yuki Tanaka', 'yuki.tanaka@hotmail.com', '819012345678', 'JPN', NULL, 'Osaka', '5300001', 'Cherry Blvd', '31', '502'),
('Ava Johnson', 'ava.johnson@icloud.com', '13125554421', 'USA', 'IL', 'Chicago', '60611', 'Lake Shore Dr', '850', '7G');

-- Insert Stores
INSERT INTO stores (country, state, city, zip_postal_code, street, building_num, phone_number) VALUES
('USA', 'CA', 'Los Angeles', '90015', 'Sunset Blvd', '101', '12135550191'),
('USA', 'TX', 'Dallas', '75201', 'Pine St', '1507', '12145552020'),
('USA', 'IL', 'Chicago', '60611', 'Michigan Ave', '875', '13125553489'),
('USA', 'NY', 'New York City', '07086', 'Park Avenue', '333', '15670922145'),
('USA', 'FL', 'Tallahassee', '32307', '10th Avenue', '001', '16670233347'),
('USA', 'MA', 'Boston', '02114', 'Newbury Street', '65', '11216540000'),
('USA', 'WA', 'Seattle',  '98107', 'Maple St', '2706', '17879801023'),
('GBR', NULL, 'Camelot', 'CML03', 'Oxford St', '207', '442079460951'),
('DEU', NULL, 'Berlin', '10115', 'Friedrichstrasse', '68', '49301234567'),
('JPN', NULL, 'Tokyo', '1500001', 'Main St', '1', '81356781234'),
('IRL', NULL, 'Dublin', 'D02XY45', 'O\'Connell St', '41', '35316781234'),
('ESP', NULL, 'Madrid', '28004', 'Gran Via', '18884', '13633993636');

-- Insert Store Hours
INSERT INTO store_hours (store_id, day_of_week, open_time, close_time) VALUES
(1, 'Mon', '07:00:00', '20:00:00'),
(1, 'Tue', '07:00:00', '20:00:00'),
(1, 'Wed', '07:00:00', '20:00:00'),
(1, 'Thu', '07:00:00', '20:00:00'),
(1, 'Fri', '07:00:00', '20:00:00'),
(1, 'Sat', '08:00:00', '18:00:00'),
(1, 'Sun', '10:00:00', '17:00:00'),

(2, 'Mon', '07:00:00', '20:00:00'),
(2, 'Tue', '07:00:00', '20:00:00'),
(2, 'Wed', '07:00:00', '20:00:00'),
(2, 'Thu', '07:00:00', '20:00:00'),
(2, 'Fri', '07:00:00', '20:00:00'),
(2, 'Sat', '08:00:00', '18:00:00'),
(2, 'Sun', '10:00:00', '17:00:00'),

(3, 'Mon', '07:00:00', '20:00:00'),
(3, 'Tue', '07:00:00', '20:00:00'),
(3, 'Wed', '07:00:00', '20:00:00'),
(3, 'Thu', '07:00:00', '20:00:00'),
(3, 'Fri', '07:00:00', '20:00:00'),
(3, 'Sat', '08:00:00', '18:00:00'),
(3, 'Sun', '10:00:00', '17:00:00'),

(4, 'Mon', '07:00:00', '20:00:00'),
(4, 'Tue', '07:00:00', '20:00:00'),
(4, 'Wed', '07:00:00', '20:00:00'),
(4, 'Thu', '07:00:00', '20:00:00'),
(4, 'Fri', '07:00:00', '20:00:00'),
(4, 'Sat', '08:00:00', '18:00:00'),
(4, 'Sun', '10:00:00', '17:00:00'),

(5, 'Mon', '07:00:00', '20:00:00'),
(5, 'Tue', '07:00:00', '20:00:00'),
(5, 'Wed', '07:00:00', '20:00:00'),
(5, 'Thu', '07:00:00', '20:00:00'),
(5, 'Fri', '07:00:00', '20:00:00'),
(5, 'Sat', '08:00:00', '18:00:00'),
(5, 'Sun', '10:00:00', '17:00:00'),

(6, 'Mon', '07:00:00', '20:00:00'),
(6, 'Tue', '07:00:00', '20:00:00'),
(6, 'Wed', '07:00:00', '20:00:00'),
(6, 'Thu', '07:00:00', '20:00:00'),
(6, 'Fri', '07:00:00', '20:00:00'),
(6, 'Sat', '08:00:00', '18:00:00'),
(6, 'Sun', '10:00:00', '17:00:00'),

(7, 'Mon', '07:00:00', '20:00:00'),
(7, 'Tue', '07:00:00', '20:00:00'),
(7, 'Wed', '07:00:00', '20:00:00'),
(7, 'Thu', '07:00:00', '20:00:00'),
(7, 'Fri', '07:00:00', '20:00:00'),
(7, 'Sat', '08:00:00', '18:00:00'),
(7, 'Sun', '10:00:00', '17:00:00'),

(8, 'Mon', '07:00:00', '20:00:00'),
(8, 'Tue', '07:00:00', '20:00:00'),
(8, 'Wed', '07:00:00', '20:00:00'),
(8, 'Thu', '07:00:00', '20:00:00'),
(8, 'Fri', '07:00:00', '20:00:00'),
(8, 'Sat', '08:00:00', '18:00:00'),
(8, 'Sun', '10:00:00', '17:00:00'),

(9, 'Mon', '07:00:00', '20:00:00'),
(9, 'Tue', '07:00:00', '20:00:00'),
(9, 'Wed', '07:00:00', '20:00:00'),
(9, 'Thu', '07:00:00', '20:00:00'),
(9, 'Fri', '07:00:00', '20:00:00'),
(9, 'Sat', '08:00:00', '18:00:00'),
(9, 'Sun', '10:00:00', '17:00:00'),

(10, 'Mon', '07:00:00', '20:00:00'),
(10, 'Tue', '07:00:00', '20:00:00'),
(10, 'Wed', '07:00:00', '20:00:00'),
(10, 'Thu', '07:00:00', '20:00:00'),
(10, 'Fri', '07:00:00', '20:00:00'),
(10, 'Sat', '08:00:00', '18:00:00'),
(10, 'Sun', '10:00:00', '17:00:00'),

(11, 'Mon', '07:00:00', '20:00:00'),
(11, 'Tue', '07:00:00', '20:00:00'),
(11, 'Wed', '07:00:00', '20:00:00'),
(11, 'Thu', '07:00:00', '20:00:00'),
(11, 'Fri', '07:00:00', '20:00:00'),
(11, 'Sat', '08:00:00', '18:00:00'),
(11, 'Sun', '10:00:00', '17:00:00'),

(12, 'Mon', '07:00:00', '20:00:00'),
(12, 'Tue', '07:00:00', '20:00:00'),
(12, 'Wed', '07:00:00', '20:00:00'),
(12, 'Thu', '07:00:00', '20:00:00'),
(12, 'Fri', '07:00:00', '20:00:00'),
(12, 'Sat', '08:00:00', '18:00:00'),
(12, 'Sun', '10:00:00', '17:00:00');

-- Insert Vendors
INSERT INTO vendors (vendor_name, brand_name) VALUES
('Sysco', 'PepsiCo'),
('Sysco', 'General Mills'),
('Sysco', 'Kellogs'),
('US Foods', 'CocaCola'),
('US Foods', 'Nestle'),
('US Foods', 'Kirkland'),
('KeHE Distributors', 'Simply Organic'),
('KeHE Distributors', 'Applegate Farms'),
('McLane Company', 'Kraft'),
('McLane Company', 'Procter & Gamble'),
('C&S Wholesale Grocers', 'Farmland'),
('C&S Wholesale Grocers', 'Athenos');

-- Insert Products
INSERT INTO products (product_UPC, product_name, brand_name, vendor_name, source_nation, standard_price) VALUES
('836492571203', 'HoneyCrisp Apples', 'Simply Organic', 'KeHE Distributors', 'USA', 3.00),
('104758392674', 'Ribeye Steak', 'Applegate Farms', 'KeHE Distributors', 'USA', 20.00),
('398176254091', 'Chicken Breast', 'Applegate Farms', 'KeHE Distributors', 'USA', 15.00),
('720394816205', 'Mac & Cheese', 'Kraft', 'McLane Company', 'DEU', 4.00),
('594730182647', 'Jello', 'Kraft', 'McLane Company', 'DEU', 3.50),
('810237465920', 'Diet Pepsi', 'PepsiCo', 'Sysco', 'USA', 5.50),
('371028495617', 'Aquafina', 'PepsiCo', 'Sysco', 'USA', 3.25),
('690583142709', 'Dr. Pepper', 'PepsiCo', 'Sysco', 'USA', 5.50),
('158372946021', 'Froot Loops', 'Kellogs', 'Sysco', 'USA', 5.75),
('427390185623', 'Frosted Flakes', 'Kellogs', 'Sysco', 'USA', 6.00),
('839205764319', 'Cheerios', 'General Mills', 'Sysco', 'IRL', 4.75),
('274918305672', 'Everything Bagels', 'General Mills', 'Sysco', 'IRL', 7.80),
('963184275091', 'Diet CocaCola', 'CocaCola', 'US Foods', 'USA', 6.50),
('710492385612', 'Sprite', 'CocaCola', 'US Foods', 'USA', 6.00),
('204839176502', 'Lemonade', 'CocaCola', 'US Foods', 'USA', 6.25),
('659382047193', 'Pizza', 'Nestle', 'US Foods', 'USA', 12.00),
('182640593827', 'Chocolate Chips', 'Nestle', 'US Foods', 'USA', 9.50),
('395028476102', 'Peanut Butter', 'Kirkland', 'US Foods', 'USA', 7.75),
('567402918374', 'Dish Soap', 'Procter & Gamble', 'McLane Company', 'JPN', 14.00),
('823647195038', 'Paper Towels', 'Procter & Gamble', 'McLane Company', 'JPN', 11.50),
('740182639507', 'Greek Yogurt', 'Athenos', 'C&S Wholesale Grocers', 'ESP', 10.00),
('680193472561', 'Feta Cheese', 'Athenos', 'C&S Wholesale Grocers', 'ESP', 9.50),
('509274836120', 'Bacon', 'Farmland', 'C&S Wholesale Grocers', 'USA', 17.00),
('987120345768', 'Ground Beef', 'Farmland', 'C&S Wholesale Grocers', 'USA', 10.00);

-- Insert Product Types
INSERT INTO product_type (type_name) VALUES
('fruit'), -- 1
('vegetable'), -- 2
('meat'), -- 3
('frozen'), -- 4
('dairy'), -- 5
('soda'), -- 6
('drink'), -- 7
('breakfast'), -- 8
('baked goods'), -- 9
('sweets'), -- 10
('shelf-stable goods'), -- 11
('cleaning'); -- 12

-- Insert Product Type Relationships
INSERT INTO product_type_relationship (product_UPC, type_id) VALUES
('836492571203', 1),
('104758392674', 3),
('398176254091', 3),
('720394816205', 11),
('594730182647', 11),
('810237465920', 6),
('810237465920', 7),
('810237465920', 11),
('371028495617', 7),
('371028495617', 11),
('690583142709', 6),
('690583142709', 7),
('690583142709', 1),
('158372946021', 8),
('158372946021', 11),
('427390185623', 8),
('427390185623', 11),
('839205764319', 8),
('839205764319', 11),
('274918305672', 8),
('274918305672', 9),
('963184275091', 6),
('963184275091', 7),
('963184275091', 11),
('710492385612', 6),
('710492385612', 7),
('710492385612', 11),
('204839176502', 7),
('204839176502', 11),
('659382047193', 4),
('182640593827', 10),
('182640593827', 11),
('395028476102', 11),
('567402918374', 12),
('823647195038', 12),
('740182639507', 5),
('740182639507', 8),
('680193472561', 5),
('509274836120', 3),
('987120345768', 3);

-- Insert Inventory
INSERT INTO inventory (product_price, max_inventory, current_inventory, product_UPC, store_id) VALUES
(3.50, 150, 108, '836492571203', 1),
(22.00, 150, 91, '104758392674', 1),
(16.00, 175, 113, '398176254091', 1),
(5.00, 125, 61, '720394816205', 1),
(4.00, 150, 73, '594730182647', 1),
(6.50, 100, 68, '810237465920', 1),
(4.50, 100, 36, '371028495617', 1),
(7.00, 200, 139, '690583142709', 1),
(6.50, 150, 101, '158372946021', 1),
(6.25, 75, 52, '427390185623', 1),
(5.50, 175, 66, '839205764319', 1),
(8.25, 150, 75, '274918305672', 1),
(6.75, 125, 81, '963184275091', 1),
(6.50, 150, 119, '710492385612', 1),
(6.50, 150, 66, '204839176502', 1),
(12.50, 75, 45, '659382047193', 1),
(10.50, 150, 93, '182640593827', 1),
(8.25, 150, 50, '395028476102', 1),
(15.00, 100, 53, '567402918374', 1),
(13.00, 200, 100, '823647195038', 1),
(10.00, 75, 22, '740182639507', 1),
(10.00, 150, 61, '680193472561', 1),
(18.75, 150, 81, '509274836120', 1),
(10.75, 200, 102, '987120345768', 1),

(3.25, 125, 75, '836492571203', 2),
(21.25, 125, 71, '104758392674', 2),
(15.75, 150, 117, '398176254091', 2),
(4.25, 175, 104, '720394816205', 2),
(3.50, 100, 74, '594730182647', 2),
(6.25, 100, 61, '810237465920', 2),
(3.25, 200, 88, '371028495617', 2),
(6.25, 75, 52, '690583142709', 2),
(6.50, 100, 32, '158372946021', 2),
(6.25, 100, 34, '427390185623', 2),
(5.50, 125, 88, '839205764319', 2),
(8.25, 175, 104, '274918305672', 2),
(6.75, 200, 158, '963184275091', 2),
(6.50, 200, 91, '710492385612', 2),
(6.50, 200, 116, '204839176502', 2),
(12.50, 125, 70, '659382047193', 2),
(10.50, 150, 59, '182640593827', 2),
(8.25, 175, 103, '395028476102', 2),
(15.00, 175, 124, '567402918374', 2),
(13.00, 150, 100, '823647195038', 2),
(10.00, 75, 38, '740182639507', 2),
(10.00, 200, 111, '680193472561', 2),
(18.75, 125, 38, '509274836120', 2),
(10.75, 150, 41, '987120345768', 2),

(3.50, 200, 124, '836492571203', 3),
(23.00, 150, 105, '104758392674', 3),
(16.75, 100, 65, '398176254091', 3),
(4.50, 75, 28, '720394816205', 3),
(4.00, 150, 72, '594730182647', 3),
(7.00, 200, 150, '810237465920', 3),
(3.50, 175, 130, '371028495617', 3),
(6.75, 200, 79, '690583142709', 3),
(6.75, 150, 102, '158372946021', 3),
(6.75, 200, 157, '427390185623', 3),
(6.00, 125, 96, '839205764319', 3),
(9.00, 100, 66, '274918305672', 3),
(8.00, 150, 142, '963184275091', 3),
(6.75, 100, 70, '710492385612', 3),
(7.00, 125, 78, '204839176502', 3),
(13.25, 100, 35, '659382047193', 3),
(11.25, 150, 62, '182640593827', 3),
(8.50, 150, 72, '395028476102', 3),
(14.50, 200, 124, '567402918374', 3),
(13.00, 125, 70, '823647195038', 3),
(10.75, 200, 155, '740182639507', 3),
(10.50, 150, 95, '680193472561', 3),
(18.00, 200, 120, '509274836120', 3),
(10.50, 100, 31, '987120345768', 3),

(3.50, 125, 88, '836492571203', 4),
(23.00, 175, 119, '104758392674', 4),
(16.75, 150, 93, '398176254091', 4),
(4.50, 125, 71, '720394816205', 4),
(4.00, 150, 120, '594730182647', 4),
(7.00, 200, 151, '810237465920', 4),
(3.50, 175, 124, '371028495617', 4),
(6.75, 200, 89, '690583142709', 4),
(6.75, 175, 135, '158372946021', 4),
(6.75, 125, 41, '427390185623', 4),
(6.00, 175, 97, '839205764319', 4),
(9.00, 200, 122, '274918305672', 4),
(8.00, 125, 38, '963184275091', 4),
(6.75, 200, 132, '710492385612', 4),
(7.00, 150, 95, '204839176502', 4),
(13.25, 175, 96, '659382047193', 4),
(11.25, 200, 91, '182640593827', 4),
(8.50, 175, 85, '395028476102', 4),
(14.50, 200, 142, '567402918374', 4),
(13.00, 150, 89, '823647195038', 4),
(10.75, 150, 63, '740182639507', 4),
(10.50, 125, 86, '680193472561', 4),
(18.00, 150, 96, '509274836120', 4),
(10.50, 175, 62, '987120345768', 4),

(3.25, 100, 63, '836492571203', 5),
(20.75, 125, 72, '104758392674', 5),
(15.75, 175, 122, '398176254091', 5),
(4.50, 75, 24, '720394816205', 5),
(3.75, 125, 40, '594730182647', 5),
(6.25, 150, 100, '810237465920', 5),
(3.25, 150, 43, '371028495617', 5),
(6.00, 175, 116, '690583142709', 5),
(6.25, 200, 138, '158372946021', 5),
(6.25, 125, 59, '427390185623', 5),
(5.25, 150, 70, '839205764319', 5),
(8.25, 125, 38, '274918305672', 5),
(7.00, 150, 63, '963184275091', 5),
(6.50, 200, 132, '710492385612', 5),
(7.00, 200, 125, '204839176502', 5),
(12.50, 175, 101, '659382047193', 5),
(10.50, 125, 43, '182640593827', 5),
(8.25, 175, 74, '395028476102', 5),
(14.00, 100, 39, '567402918374', 5),
(12.75, 150, 50, '823647195038', 5),
(10.25, 175, 60, '740182639507', 5),
(10.25, 100, 64, '680193472561', 5),
(17.50, 100, 34, '509274836120', 5),
(10.25, 125, 71, '987120345768', 5),

(3.25, 75, 24, '836492571203', 6),
(20.75, 150, 63, '104758392674', 6),
(15.75, 175, 115, '398176254091', 6),
(4.50, 175, 135, '720394816205', 6),
(3.75, 100, 55, '594730182647', 6),
(6.25, 150, 88, '810237465920', 6),
(3.25, 200, 142, '371028495617', 6),
(6.00, 200, 81, '690583142709', 6),
(6.25, 100, 57, '158372946021', 6),
(6.25, 150, 124, '427390185623', 6),
(5.25, 100, 44, '839205764319', 6),
(8.25, 75, 50, '274918305672', 6),
(7.00, 200, 116, '963184275091', 6),
(6.50, 125, 77, '710492385612', 6),
(7.00, 125, 84, '204839176502', 6),
(12.50, 200, 97, '659382047193', 6),
(10.50, 175, 132, '182640593827', 6),
(8.25, 100, 64, '395028476102', 6),
(14.00, 125, 60, '567402918374', 6),
(12.75, 175, 136, '823647195038', 6),
(10.25, 200, 111, '740182639507', 6),
(10.25, 100, 68, '680193472561', 6),
(17.50, 200, 152, '509274836120', 6),
(10.25, 125, 55, '987120345768', 6),

(3.50, 150, 74, '836492571203', 7),
(22.00, 125, 57, '104758392674', 7),
(16.50, 200, 156, '398176254091', 7),
(4.50, 125, 93, '720394816205', 7),
(3.75, 175, 111, '594730182647', 7),
(6.75, 150, 118, '810237465920', 7),
(3.50, 200, 139, '371028495617', 7),
(6.75, 150, 130, '690583142709', 7),
(6.50, 200, 155, '158372946021', 7),
(6.50, 100, 35, '427390185623', 7),
(5.75, 150, 73, '839205764319', 7),
(9.00, 200, 127, '274918305672', 7),
(7.75, 175, 107, '963184275091', 7),
(6.75, 125, 94, '710492385612', 7),
(7.00, 125, 106, '204839176502', 7),
(13.00, 175, 139, '659382047193', 7),
(11.00, 200, 169, '182640593827', 7),
(8.50, 175, 117, '395028476102', 7),
(15.25, 175, 91, '567402918374', 7),
(13.25, 200, 79, '823647195038', 7),
(10.75, 150, 60, '740182639507', 7),
(10.75, 175, 88, '680193472561', 7),
(18.75, 175, 142, '509274836120', 7),
(11.00, 125, 71, '987120345768', 7),

(3.50, 150, 109, '836492571203', 8),
(22.00, 125, 75, '104758392674', 8),
(16.50, 100, 61, '398176254091', 8),
(4.50, 175, 135, '720394816205', 8),
(3.75, 150, 113, '594730182647', 8),
(6.75, 200, 155, '810237465920', 8),
(3.50, 100, 57, '371028495617', 8),
(6.75, 125, 80, '690583142709', 8),
(6.50, 150, 123, '158372946021', 8),
(6.50, 125, 92, '427390185623', 8),
(5.75, 125, 43, '839205764319', 8),
(9.00, 150, 95, '274918305672', 8),
(7.75, 200, 167, '963184275091', 8),
(6.75, 150, 134, '710492385612', 8),
(7.00, 150, 91, '204839176502', 8),
(13.00, 125, 87, '659382047193', 8),
(11.00, 200, 171, '182640593827', 8),
(8.50, 150, 124, '395028476102', 8),
(15.25, 175, 95, '567402918374', 8),
(13.25, 150, 88, '823647195038', 8),
(10.75, 150, 126, '740182639507', 8),
(10.75, 150, 137, '680193472561', 8),
(18.75, 150, 130, '509274836120', 8),
(11.00, 175, 118, '987120345768', 8),

(3.25, 150, 127, '836492571203', 9),
(21.00, 175, 137, '104758392674', 9),
(15.50, 100, 44, '398176254091', 9),
(4.25, 150, 94, '720394816205', 9),
(3.50, 150, 130, '594730182647', 9),
(6.50, 100, 57, '810237465920', 9),
(3.25, 150, 109, '371028495617', 9),
(6.25, 200, 151, '690583142709', 9),
(6.25, 175, 115, '158372946021', 9),
(6.25, 125, 74, '427390185623', 9),
(5.25, 125, 42, '839205764319', 9),
(8.00, 125, 63, '274918305672', 9),
(7.00, 125, 81, '963184275091', 9),
(6.25, 150, 100, '710492385612', 9),
(6.75, 175, 130, '204839176502', 9),
(12.00, 175, 118, '659382047193', 9),
(10.25, 175, 141, '182640593827', 9),
(8.00, 150, 121, '395028476102', 9),
(14.00, 200, 132, '567402918374', 9),
(12.25, 200, 85, '823647195038', 9),
(10.00, 200, 138, '740182639507', 9),
(10.00, 200, 125, '680193472561', 9),
(16.75, 125, 74, '509274836120', 9),
(10.00, 150, 85, '987120345768', 9),

(3.25, 150, 75, '836492571203', 10),
(21.00, 200, 133, '104758392674', 10),
(15.50, 150, 100, '398176254091', 10),
(4.25, 200, 143, '720394816205', 10),
(3.50, 200, 134, '594730182647', 10),
(6.50, 200, 118, '810237465920', 10),
(3.25, 150, 90, '371028495617', 10),
(6.25, 175, 101, '690583142709', 10),
(6.25, 150, 132, '158372946021', 10),
(6.25, 150, 124, '427390185623', 10),
(5.25, 125, 80, '839205764319', 10),
(8.00, 150, 74, '274918305672', 10),
(7.00, 175, 136, '963184275091', 10),
(6.25, 200, 163, '710492385612', 10),
(6.75, 200, 130, '204839176502', 10),
(12.00, 200, 141, '659382047193', 10),
(10.25, 175, 150, '182640593827', 10),
(8.00, 175, 139, '395028476102', 10),
(14.00, 175, 127, '567402918374', 10),
(12.25, 175, 145, '823647195038', 10),
(10.00, 150, 107, '740182639507', 10),
(10.00, 125, 91, '680193472561', 10),
(16.75, 150, 112, '509274836120', 10),
(10.00, 175, 126, '987120345768', 10),

(3.25, 125, 69, '836492571203', 11),
(21.00, 150, 82, '104758392674', 11),
(15.50, 150, 108, '398176254091', 11),
(4.25, 175, 116, '720394816205', 11),
(3.50, 200, 93, '594730182647', 11),
(6.50, 175, 76, '810237465920', 11),
(3.25, 100, 47, '371028495617', 11),
(6.25, 125, 93, '690583142709', 11),
(6.25, 200, 126, '158372946021', 11),
(6.25, 150, 121, '427390185623', 11),
(5.25, 150, 131, '839205764319', 11),
(8.00, 125, 65, '274918305672', 11),
(7.00, 150, 80, '963184275091', 11),
(6.25, 150, 90, '710492385612', 11),
(6.75, 125, 103, '204839176502', 11),
(12.00, 175, 122, '659382047193', 11),
(10.25, 100, 24, '182640593827', 11),
(8.00, 175, 129, '395028476102', 11),
(14.00, 150, 85, '567402918374', 11),
(12.25, 150, 94, '823647195038', 11),
(10.00, 100, 27, '740182639507', 11),
(10.00, 175, 99, '680193472561', 11),
(16.75, 150, 74, '509274836120', 11),
(10.00, 150, 123, '987120345768', 11),

(3.25, 150, 103, '836492571203', 12),
(21.00, 200, 173, '104758392674', 12),
(15.50, 200, 139, '398176254091', 12),
(4.25, 125, 93, '720394816205', 12),
(3.50, 200, 167, '594730182647', 12),
(6.50, 125, 75, '810237465920', 12),
(3.25, 125, 74, '371028495617', 12),
(6.25, 150, 116, '690583142709', 12),
(6.25, 150, 96, '158372946021', 12),
(6.25, 150, 80, '427390185623', 12),
(5.25, 200, 152, '839205764319', 12),
(8.00, 125, 95, '274918305672', 12),
(7.00, 175, 149, '963184275091', 12),
(6.25, 200, 178, '710492385612', 12),
(6.75, 200, 120, '204839176502', 12),
(12.00, 200, 127, '659382047193', 12),
(10.25, 125, 42, '182640593827', 12),
(8.00, 200, 151, '395028476102', 12),
(14.00, 200, 133, '567402918374', 12),
(12.25, 125, 78, '823647195038', 12),
(10.00, 125, 67, '740182639507', 12),
(10.00, 200, 193, '680193472561', 12),
(16.75, 175, 100, '509274836120', 12),
(10.00, 125, 50, '987120345768', 12);

-- Insert Shipments
INSERT INTO shipments (expected_delivery, received_delivery, expected_num_items, num_shipped_items, delivered, store_id, vendor_name) VALUES
('2025-04-20', '2025-04-21', 200, 200, TRUE, 1, 'C&S Wholesale Grocers'),
('2025-04-12', NULL, 100, NULL, FALSE, 1, 'KeHE Distributors'),

('2025-04-18', '2025-04-20', 175, 175, TRUE, 2, 'C&S Wholesale Grocers'),
('2025-04-16', '2025-04-16', 150, 150, TRUE, 2, 'McLane Company'),

('2025-04-20', NULL, 100, NULL, FALSE, 3, 'US Foods'),
('2025-04-16', '2025-04-16', 150, 150, TRUE, 3, 'KeHE Distributors'),

('2025-04-20', '2025-04-22', 100, 100, TRUE, 4, 'McLane Company'),
('2025-04-19', '2025-04-19', 100, 100, TRUE, 4, 'McLane Company'),

('2025-04-20', '2025-04-21', 125, 125, TRUE, 5, 'US Foods'),
('2025-04-15', '2025-04-15', 150, 150, TRUE, 5, 'Sysco'),

('2025-04-15', NULL, 200, NULL, FALSE, 6, 'McLane Company'),
('2025-04-14', '2025-04-14', 200, 200, TRUE, 6, 'Sysco'),

('2025-04-17', '2025-04-17', 125, 125, TRUE, 7, 'KeHE Distributors'),
('2025-04-16', NULL, 100, NULL, FALSE, 7, 'McLane Company'),

('2025-04-19', NULL, 100, NULL, FALSE, 8, 'C&S Wholesale Grocers'),
('2025-04-19', '2025-04-20', 125, 125, TRUE, 8, 'KeHE Distributors'),

('2025-04-16', NULL, 100, NULL, FALSE, 9, 'US Foods'),
('2025-04-14', '2025-04-14', 100, 100, TRUE, 9, 'Sysco'),

('2025-04-19', '2025-04-19', 150, 150, TRUE, 10, 'US Foods'),
('2025-04-18', '2025-04-19', 175, 175, TRUE, 10, 'C&S Wholesale Grocers'),

('2025-04-18', '2025-04-20', 150, 150, TRUE, 11, 'McLane Company'),
('2025-04-20', NULL, 125, NULL, FALSE, 11, 'US Foods'),

('2025-04-17', '2025-04-18', 175, 175, TRUE, 12, 'Sysco'),
('2025-04-14', '2025-04-14', 100, 100, TRUE, 12, 'C&S Wholesale Grocers');

-- Insert Reorder Requests
INSERT INTO reorder_requests (quantity_of_product, order_date, confirmed, store_id, vendor_name, shipment_id, product_ordered) VALUES
(100, '2025-04-12', TRUE, 1, 'C&S Wholesale Grocers', 1, '823647195038'),
(100, '2025-04-12', TRUE, 1, 'C&S Wholesale Grocers', 1, '810237465920'),

(50, '2025-04-09', TRUE, 1, 'KeHE Distributors', 2, '710492385612'),
(50, '2025-04-09', TRUE, 1, 'KeHE Distributors', 2, '680193472561'),

(50, '2025-04-11', TRUE, 2, 'C&S Wholesale Grocers', 3, '158372946021'),
(75, '2025-04-11', TRUE, 2, 'C&S Wholesale Grocers', 3, '274918305672'),
(50, '2025-04-11', TRUE, 2, 'C&S Wholesale Grocers', 3, '659382047193'),

(50, '2025-04-14', TRUE, 2, 'McLane Company', 4, '371028495617'),
(50, '2025-04-14', TRUE, 2, 'McLane Company', 4, '963184275091'),
(50, '2025-04-14', TRUE, 2, 'McLane Company', 4, '158372946021'),

(50, '2025-04-11', TRUE, 3, 'US Foods', 5, '987120345768'),
(50, '2025-04-11', TRUE, 3, 'US Foods', 5, '204839176502'),

(75, '2025-04-15', TRUE, 3, 'KeHE Distributors', 6, '371028495617'),
(75, '2025-04-15', TRUE, 3, 'KeHE Distributors', 6, '509274836120'),

(25, '2025-04-17', TRUE, 4, 'McLane Company', 7, '836492571203'),
(25, '2025-04-17', TRUE, 4, 'McLane Company', 7, '427390185623'),
(50, '2025-04-17', TRUE, 4, 'McLane Company', 7, '823647195038'),

(50, '2025-04-12', TRUE, 4, 'McLane Company', 8, '427390185623'),
(50, '2025-04-12', TRUE, 4, 'McLane Company', 8, '823647195038'),

(75, '2025-04-16', TRUE, 5, 'US Foods', 9, '690583142709'),
(50, '2025-04-16', TRUE, 5, 'US Foods', 9, '104758392674'),

(50, '2025-04-13', TRUE, 5, 'Sysco', 10, '836492571203'),
(50, '2025-04-13', TRUE, 5, 'Sysco', 10, '839205764319'),
(50, '2025-04-13', TRUE, 5, 'Sysco', 10, '987120345768'),

(75, '2025-04-13', TRUE, 6, 'McLane Company', 11, '427390185623'),
(75, '2025-04-13', TRUE, 6, 'McLane Company', 11, '740182639507'),
(50, '2025-04-13', TRUE, 6, 'McLane Company', 11, '204839176502'),

(100, '2025-04-10', TRUE, 6, 'Sysco', 12, '371028495617'),
(100, '2025-04-10', TRUE, 6, 'Sysco', 12, '158372946021'),

(75, '2025-04-15', TRUE, 7, 'KeHE Distributors', 13, '594730182647'),
(50, '2025-04-15', TRUE, 7, 'KeHE Distributors', 13, '659382047193'),

(50, '2025-04-14', TRUE, 7, 'McLane Company', 14, '274918305672'),
(50, '2025-04-14', TRUE, 7, 'McLane Company', 14, '274918305672'),

(40, '2025-04-16', TRUE, 8, 'C&S Wholesale Grocers', 15, '740182639507'),
(40, '2025-04-16', TRUE, 8, 'C&S Wholesale Grocers', 15, '182640593827'),
(20, '2025-04-16', TRUE, 8, 'C&S Wholesale Grocers', 15, '836492571203'),

(50, '2025-04-12', TRUE, 8, 'KeHE Distributors', 16, '710492385612'),
(50, '2025-04-12', TRUE, 8, 'KeHE Distributors', 16, '710492385612'),
(25, '2025-04-12', TRUE, 8, 'KeHE Distributors', 16, '659382047193'),

(40, '2025-04-14', TRUE, 9, 'US Foods', 17, '836492571203'),
(30, '2025-04-14', TRUE, 9, 'US Foods', 17, '158372946021'),
(30, '2025-04-14', TRUE, 9, 'US Foods', 17, '823647195038'),

(30, '2025-04-17', TRUE, 9, 'Sysco', 18, '371028495617'),
(30, '2025-04-17', TRUE, 9, 'Sysco', 18, '398176254091'),
(40, '2025-04-17', TRUE, 9, 'Sysco', 18, '509274836120'),

(75, '2025-04-11', TRUE, 10, 'US Foods', 19, '710492385612'),
(75, '2025-04-11', TRUE, 10, 'US Foods', 19, '680193472561'),

(100, '2025-04-15', TRUE, 10, 'C&S Wholesale Grocers', 20, '274918305672'),
(75, '2025-04-15', TRUE, 10, 'C&S Wholesale Grocers', 20, '720394816205'),

(50, '2025-04-17', TRUE, 11, 'McLane Company', 21, '104758392674'),
(50, '2025-04-17', TRUE, 11, 'McLane Company', 21, '204839176502'),
(50, '2025-04-17', TRUE, 11, 'McLane Company', 21, '963184275091'),

(75, '2025-04-14', TRUE, 11, 'US Foods', 22, '182640593827'),
(50, '2025-04-14', TRUE, 11, 'US Foods', 22, '823647195038'),

(75, '2025-04-15', TRUE, 12, 'Sysco', 23, '963184275091'),
(100, '2025-04-15', TRUE, 12, 'Sysco', 23, '690583142709'),

(40, '2025-04-10', TRUE, 12, 'C&S Wholesale Grocers', 24, '839205764319'),
(40, '2025-04-10', TRUE, 12, 'C&S Wholesale Grocers', 24, '509274836120'),
(20, '2025-04-10', TRUE, 12, 'C&S Wholesale Grocers', 24, '823647195038');

-- Insert Orders
INSERT INTO orders (customer_id, order_datetime, in_person_order, online_order, completed, store_id) VALUES
(1, '2025-04-11 09:30:00', TRUE, FALSE, TRUE, 4),
(2, '2025-04-11 12:15:00', FALSE, TRUE, TRUE, 3),
(3, '2025-04-12 10:45:00', TRUE, FALSE, TRUE, 7),
(4, '2025-04-13 14:20:00', FALSE, TRUE, TRUE, 1),
(5, '2025-04-13 08:50:00', TRUE, FALSE, TRUE, 2),
(6, '2025-04-14 11:00:00', TRUE, FALSE, TRUE, 10),
(7, '2025-04-14 09:40:00', FALSE, TRUE, TRUE, 9),
(8, '2025-04-15 10:05:00', TRUE, FALSE, TRUE, 8),
(9, '2025-04-15 12:30:00', FALSE, TRUE, FALSE, 8),
(10, '2025-04-16 08:15:00', TRUE, FALSE, TRUE, 5),
(11, '2025-04-16 11:45:00', FALSE, TRUE, TRUE, 6),
(12, '2025-04-17 13:10:00', TRUE, FALSE, TRUE, 7),
(13, '2025-04-17 15:00:00', FALSE, TRUE, TRUE, 12),
(14, '2025-04-18 10:30:00', TRUE, FALSE, TRUE, 9),
(15, '2025-04-18 09:00:00', FALSE, TRUE, TRUE, 11),
(16, '2025-04-19 08:25:00', TRUE, FALSE, TRUE, 10),
(17, '2025-04-19 14:45:00', FALSE, TRUE, TRUE, 3),
(18, '2025-04-20 11:35:00', TRUE, FALSE, TRUE, 3);

-- Insert Order Contents
INSERT INTO order_contents (order_id, product_ordered, quantity_ordered) VALUES
(1, '395028476102', 5), -- Peanut Butter
(1, '680193472561', 5), -- Feta Cheese
(1, '274918305672', 5), -- Everything Bagels
(2, '594730182647', 1), -- Jello
(2, '987120345768', 1), -- Ground Beef
(2, '810237465920', 5), -- Diet Pepsi
(3, '427390185623', 2), -- Frosted Flakes
(3, '690583142709', 2), -- Dr. Pepper
(3, '204839176502', 2), -- Lemonade
(4, '567402918374', 5), -- Dish Soap
(5, '395028476102', 2), -- Peanut Butter
(5, '274918305672', 5), -- Everything Bagels
(5, '567402918374', 2), -- Dish Soap
(6, '987120345768', 1), -- Ground Beef
(6, '182640593827', 1), -- Chocolate Chips
(6, '158372946021', 3), -- Froot Loops
(6, '659382047193', 5), -- Pizza
(7, '158372946021', 1), -- Froot Loops
(8, '395028476102', 3), -- Peanut Butter
(9, '680193472561', 2), -- Feta Cheese
(9, '594730182647', 5), -- Jello
(10, '398176254091', 4), -- Chicken Breast
(11, '987120345768', 4), -- Ground Beef
(11, '182640593827', 5), -- Chocolate Chips
(11, '823647195038', 3), -- Paper Towels
(11, '371028495617', 5), -- Aquafina
(12, '720394816205', 3), -- Mac & Cheese
(13, '427390185623', 3), -- Frosted Flakes
(14, '371028495617', 5), -- Aquafina
(15, '274918305672', 1), -- Everything Bagels
(16, '710492385612', 2), -- Sprite
(16, '182640593827', 5), -- Chocolate Chips
(16, '274918305672', 2), -- Everything Bagels
(17, '963184275091', 2), -- Diet CocaCola
(18, '720394816205', 4); -- Mac & Cheese
